window,rho_max,kappa,mu,Q,C,ROI,max_c,cv_c
90,2,0.5,2159.2986544492846,0.1823071932664122,393.6556771165896,18.573571915543784,1.0,1.6607886045666542
90,2,1.0,1539.1822659250126,0.15089776931617524,232.25917049910043,26.459507841067552,1.0,2.610430520965145
90,2,1.5,1416.3194621821574,0.1408701069464149,199.51707410788936,28.841563735120193,1.0,2.912227719652111
90,2,2.0,1380.9331753843119,0.13627749688407267,188.19011650554816,29.60625108686932,1.0,3.004909173363109
90,2,3.0,1350.1333337532676,0.13090516120725787,176.73942170626398,30.30445448858448,1.0,3.0926840135139697
