xi,lambda,mu,Q,C,ROI,V,max_c,cv_c,C_target,scale_to_target_C,mu_budget_norm,Q_budget_norm,C_budget_norm,ROI_budget_norm,V_budget_norm,max_c_budget_norm,cv_c_budget_norm
2,0.25,1394.782598319497,0.09237174309768555,128.8384998490909,29.302347871935876,3904.1090417255105,1.0,2.915722018385921,2556.0,19.838790446907204,1394.782598319497,1.8325436545305305,2556.0,29.302347871935876,77452.8011606681,19.838790446907204,2.915722018385921
2,0.5,1317.563595317393,0.08375222920794619,110.34888823106795,31.078290300528966,3539.803671016822,1.0,3.167217049337454,2556.0,23.162897614770678,1317.563595317393,1.9399443101524638,2556.0,31.078290300528966,81992.11000815204,23.162897614770678,3.167217049337454
2,0.75,1234.8373019123414,0.07614057320615643,94.02121998394932,33.22733297297195,3218.095602915678,1.0,3.4816719207230054,2556.0,27.185352417638736,1234.8373019123414,2.069908315890384,2556.0,33.22733297297195,87485.06307891631,27.185352417638736,3.4816719207230054
3,0.25,1376.5300290155235,0.08421042904065329,115.91818433074016,29.704152186369313,3559.1695728586565,1.0,2.9784769415916745,2556.0,22.050034813409155,1376.5300290155235,1.8568428919985265,2556.0,29.704152186369313,78479.81298835996,22.050034813409155,2.9784769415916745
3,0.5,1277.5738859453359,0.07061098503483773,90.2107505413856,32.082382134576925,2984.3865220571106,1.0,3.339273281974976,2556.0,28.333651861452978,1277.5738859453359,2.0006670675713583,2556.0,32.082382134576925,84558.56873597862,28.333651861452978,3.339273281974976
3,0.75,1168.9137435528226,0.059975513320806216,70.10620179732577,35.15766153243972,2534.8763159126224,1.0,3.8362701942402526,2556.0,36.458971310260026,1168.9137435528226,2.1866455194813916,2556.0,35.15766153243972,92418.98287691594,36.458971310260026,3.8362701942402526
