asset,strategy,mu,Q,C,ROI,V,max_c,cv_c,C_target,scale_to_target_C,mu_budget_norm,Q_budget_norm,C_budget_norm,ROI_budget_norm,V_budget_norm,max_c_budget_norm,cv_c_budget_norm
BTC,DCA,7004.361623786284,0.36491548227892984,2556.0,5.034124131522651,15423.221280171896,1.0,0.0,2556.0,1.0,7004.361623786284,0.36491548227892984,2556.0,5.034124131522651,15423.221280171896,1.0,0.0
BTC,rho=1,2311.6622904472265,0.15759406328775039,364.3042533006462,17.283461072431628,6660.742633743636,1.2835949888764382,1.4247844624475159,2556.0,7.016113528300291,2311.6622904472265,1.1056978394129977,2556.0,17.283461072431628,46732.52650113524,9.00584816631444,1.4247844624475159
BTC,rho=2,1308.4076218132918,0.12024547437094496,157.33009515549924,31.302767727251275,5082.197520314433,1.6476160954687036,3.220927175325255,2556.0,16.24609708316609,1308.4076218132918,1.953519650441732,2556.0,31.302767727251275,82565.87431085425,26.76733104277161,3.220927175325255
BTC,rho=3,1087.9838789507066,0.11033625312995309,120.0440646692134,37.847255292755044,4663.382426584929,2.114871763735791,4.287654218861793,2556.0,21.29218139225099,1087.9838789507066,2.3492995157842818,2556.0,37.847255292755044,99293.58452828188,45.030233214812235,4.287654218861793
BTC,tanh_rho=1,2553.134125624853,0.1310013849008757,334.4641062945421,15.554237035884686,5536.798095595181,0.8574397970180974,1.2324467751163355,2556.0,7.642075642487888,2553.134125624853,1.0011224926831628,2556.0,15.554237035884686,42312.62986372125,6.552619787691761,1.2324467751163355
BTC,tanh_rho=2,1467.0265454068453,0.07514765950847492,110.24361132412784,27.81010410638394,3176.1299193118502,0.735203005510436,2.71191684989389,2556.0,23.185016975587732,1467.0265454068453,1.742299761379678,2556.0,27.81010410638394,73638.62609591734,17.04569416326258,2.71191684989389
BTC,"moment_tilted(rho=2,xi=3,lam=0.75)",1168.9137435528226,0.059975513320806216,70.10620179732577,35.15766153243972,2534.8763159126224,1.0,3.8362701942402526,2556.0,36.458971310260026,1168.9137435528226,2.1866455194813916,2556.0,35.15766153243972,92418.98287691594,36.458971310260026,3.8362701942402526
BTC,"adaptive(W=90,rho_max=2,k=0.5)",2159.2986544492846,0.1823071932664122,393.6556771165896,18.573571915543784,7705.247706003649,1.0,1.6607886045666542,2556.0,6.492983966907166,2159.2986544492846,1.1837176829306604,2556.0,18.573571915543784,50030.04981612991,6.492983966907166,1.6607886045666542
